Index,Customer Id,First Name,Last Name,Company,City,Country,Phone 1,Phone 2,Email,Subscription Date,Website
1,72e8E9e4463C89A,Ellen,Bush,Christian-Patterson,Clementsland,Cape Verde,665-274-9635,675-916-4120x42795,sanchezkaitlyn@mann-fisher.org,2020-11-06,http://daniel.com/
2,03B8a96750a3DB6,Madeline,Mcfarland,Schaefer LLC,Gregoryfort,Sweden,001-981-200-8019,707.632.9351,zbarnett@mathis.com,2021-10-02,https://www.walker.com/
3,A88cFF67cfb657b,Jack,Pittman,Le-Velazquez,North Colinshire,Bosnia and Herzegovina,(343)295-0482,963-844-4387,pettygeorge@novak-wolf.com,2021-04-20,http://www.kline.com/
4,689cFdc5DfDa5aB,Meredith,Mckee,Pollard LLC,Dyershire,Oman,(776)510-1203,706.952.8037,jweaver@finley-faulkner.com,2021-02-19,http://obrien.biz/
5,bA42d9F3fcF2f80,Angela,Bradshaw,Gallagher-Conley,Annabury,North Macedonia,001-745-613-7845x668,449.816.8470,diamondcooke@friedman.com,2023-02-24,http://haynes-benjamin.com/
6,6860b85e33Ad718,Regina,Carney,"Figueroa, Mclean and Mullen",Conniestad,Norfolk Island,001-573-286-3111x108,338-790-0653x244,taylor98@owens.info,2021-06-23,http://www.hooper.info/
7,dDbb9db4AdE0Fa4,Kaitlin,Strickland,Levy-Bennett,Lake Jaimefort,Gibraltar,2775552975,(370)337-7779,sethcobb@jenkins.net,2021-03-06,http://spears.com/
8,722DDA4a1170D5D,Don,Andrews,"Malone, Logan and Morales",Matthewchester,Yemen,750.486.9315x09339,(484)526-2196,ssullivan@stuart.org,2020-05-25,http://www.velasquez.com/
9,0DF25Cdf7e8623a,Marisa,Lara,"Rhodes, Salas and Mccullough",Shirleyborough,Syrian Arab Republic,488-669-3631x22147,442-859-7134,fjohnston@allen.com,2022-11-07,http://www.mckinney.com/
10,B03AcadFc8Bf048,Lynn,Tate,Mclaughlin Group,West Douglas,Morocco,+1-706-236-1057x68309,671.340.1273x1504,lesterrobyn@savage-bartlett.net,2020-11-01,http://watson.com/
11,b7eebcebCbADD2E,Kathryn,Hendrix,"Bonilla, Serrano and Mcpherson",Gabriellatown,Slovakia (Slovak Republic),691.559.8675,(727)755-3011x6110,theresabutler@cross.com,2022-04-08,https://levine-freeman.net/
12,B87DD99e4B4CE4A,Clarence,Owens,Huff Inc,West Ryanview,Estonia,001-448-730-3467x822,001-510-661-6799x21595,jason97@booth-garner.net,2021-06-21,https://torres-barnes.biz/
13,4a0dfCaC19dd021,Angel,Walsh,"Charles, Davila and Terrell",Ayalafort,Tanzania,3875036986,411.480.0161x15982,theodore27@haas-ramirez.com,2020-05-04,http://www.pratt.biz/
14,Befd640fBb8FCc8,Ralph,Mercer,Branch-Cooke,Olsenmouth,Pitcairn Islands,(817)751-6138,001-361-420-7085x51230,chubbard@manning.com,2021-11-23,https://www.daugherty.com/
15,f69d47AB1DB8dfa,Dorothy,Patterson,Koch Group,New Regina,Gabon,(878)686-9364,5165981421,austinwu@sparks-barrera.com,2020-02-14,http://stephenson-haas.com/
16,1E5BE2fF6f4bCC0,Stephanie,Schmitt,"Richardson, Neal and Molina",North Brendanmouth,Australia,(315)476-1934,978.606.7772,sonya22@kennedy.com,2022-05-30,https://www.sweeney.net/
17,22dBCab8E7Ad8C4,Renee,Pennington,Love-Strong,Mcneilstad,Switzerland,001-990-252-8610,001-597-913-2938x5587,braunjaime@barber.com,2023-09-02,https://burgess.com/
18,4f5Bee3CE9f6FCa,Samuel,Webb,Mcgee Inc,Lake Dean,Uruguay,519-226-1829,605.271.7838x9047,reednorman@rangel-pena.com,2023-02-22,http://watkins.com/
19,DbF1bFEaEF10a74,Olivia,Burch,Roman-Ferguson,Lake Janice,Mexico,9808674371,001-545-681-9712x98801,tashale@kennedy.com,2020-09-13,http://www.erickson.com/
20,13cccf91c3F5eFA,Jamie,Holloway,Thompson-Hanna,Candacechester,United States Minor Outlying Islands,905-833-9146x829,481.806.9787,jwalton@palmer.com,2021-06-07,https://www.strong.net/
21,CC0B3D1106BE9Ce,Courtney,Santos,"Melendez, Dickson and Logan",East Jane,Mozambique,923.453.3166x364,001-975-866-5886x0500,cesar68@cuevas-flynn.net,2020-03-08,http://singleton.com/
22,132d20C9e5B7fE9,David,Frost,"Stevenson, Hoffman and Snow",Lake Karenmouth,Jersey,(663)820-8780x741,762.525.8401x44971,howard93@snyder-gilbert.com,2023-08-25,http://harper-patel.com/
23,41cD89c38bF941e,Cassandra,Mcneil,"Howell, Woodard and Hull",East Cameron,Syrian Arab Republic,355.748.6904x6884,(981)293-4425x674,alexandra22@steele.com,2020-11-27,https://www.anderson-buckley.org/
24,f2F79B060365dDD,Tasha,Poole,Sparks Group,Lake Jackberg,Argentina,767-382-1003,914.305.3046x19707,brooksricky@valdez.com,2023-06-29,http://fleming.info/
25,eeacb77BFe901A6,Jake,Price,Parsons LLC,South Jennyfurt,Bahrain,001-446-784-2137x40026,(898)687-2814x1676,jocelynhinton@diaz.net,2023-03-02,http://www.gay.biz/
26,7ea4522dCe2dC26,Walter,Bryan,"Noble, Avery and Bolton",Wilcoxland,Kuwait,+1-392-703-2758x480,001-659-968-6496x20393,clifford53@jackson-goodwin.org,2020-08-13,http://lyons.net/
27,cDaaB4D05aD356d,Maxwell,Austin,Hines-Bauer,Bobbymouth,Mauritania,001-726-335-7555x44506,4753816254,austinshort@garcia.info,2021-04-30,http://gaines-keller.info/
28,cD3dF822719F86B,Harry,Lambert,Prince and Sons,South Francisco,Montserrat,+1-622-581-6523x1741,+1-598-770-6026x87680,sheenaodom@cortez-roberson.org,2021-01-14,https://owens.net/
29,Cb1FEfe79b5ba6a,Chase,Tanner,Ware Ltd,Kiarafurt,Tajikistan,252-785-4080x301,(246)942-2013x38213,boylebetty@ramirez.com,2023-04-27,http://www.nicholson.com/
30,961aa083763D5d7,Chelsey,Deleon,Snow Ltd,Lake Sophiaburgh,Nigeria,(762)998-8731x0268,(328)985-3973x731,angela06@acevedo.org,2021-11-30,https://liu.com/
31,Cc7C9AddFe5af41,Kristina,Tran,Mcguire LLC,East Jeremiahburgh,Wallis and Futuna,484-996-5143x564,(515)654-1783x5973,ianrollins@sweeney.biz,2023-05-22,https://www.kelley-gates.com/
32,Ab3a7BbDd79B7f8,Gary,Strong,Gill-Phelps,South Eddie,Isle of Man,344.565.6766,001-519-410-5795x579,vsantos@terrell.com,2021-08-31,http://campos.com/
33,dcAc73fC7c5ae6B,Bailey,Ross,Briggs Inc,Brayland,Mauritius,+1-795-329-3084,+1-649-691-5272x09143,lukegolden@case.com,2021-06-20,http://kennedy.com/
34,F27F372EcE6AfE9,Mindy,Braun,"Shelton, Blankenship and Dixon",North Michael,Bermuda,(512)292-0236x2899,(880)334-3905x7956,wyoder@estes-leach.info,2023-04-07,https://miranda-miles.biz/
35,b2C7B7B671310Ce,Karla,Warren,"Salazar, Burke and Gonzalez",New Alejandroland,Finland,2204894481,+1-312-520-3030x8017,melvinlove@jacobson.com,2021-02-27,http://prince.info/
36,dAcbDbBb5ba30a0,Luis,Villa,"Benson, Mathis and Harris",Darylborough,Nepal,+1-747-468-0787x524,8133239069,charlespittman@ortiz-day.org,2023-10-03,http://gordon-sloan.biz/
37,94F3EDF2EDdD65F,Kellie,Cohen,Clarke and Sons,North Sophiaside,Cape Verde,001-414-966-1803x50083,7092394433,greggwhitney@gillespie-poole.org,2020-08-14,https://wall.com/
38,5C0AF12D472FFa8,Phyllis,Rodriguez,Beasley-Shaffer,North Alvin,Guinea-Bissau,+1-221-339-7569x618,(951)462-6115x965,gutierrezdaniel@elliott.com,2023-07-16,http://www.stafford.com/
39,AF22fD43545f52b,Jerome,Alexander,"Roberts, Hudson and Gamble",West Kaitlin,Albania,001-284-418-0385x8254,632.403.3318x2391,beasleysavannah@marsh.net,2022-10-15,http://www.tyler-reyes.com/
40,bdCaa8e3f340cb7,Sean,Downs,Cervantes PLC,South Maria,Mali,2148269166,001-510-954-1492x8516,dfreeman@ewing-cooley.info,2020-12-25,https://quinn.org/
41,0D347eF5ae0B932,Teresa,Whitehead,Vazquez and Sons,East Johnland,Mayotte,4984254015,480.874.9943x039,arroyojulie@tanner.com,2022-02-08,https://www.reese.biz/
42,A17eE3cC4bEC432,Tara,Medina,"Pollard, Valdez and Newman",Lake Garrettside,Seychelles,001-769-344-8762x196,468.858.7653x05373,gail39@daniel.net,2020-10-27,http://bentley.biz/
43,72fa7E14Edcd4BE,Kurt,Aguilar,Wilson-Wagner,Lambfurt,Benin,+1-262-325-8336x90755,4665880725,analara@ballard.info,2021-04-18,https://www.novak-pierce.net/
44,8059BA2eBaC5950,Stacy,Cisneros,"Montes, Mahoney and Hansen",West Chase,Libyan Arab Jamahiriya,001-546-311-3002x40048,302-321-3633,morgan01@shaw-smith.com,2022-05-22,http://kirk.org/
45,59A1dB8762c053F,Walter,Bryan,Valencia-Ramos,Janeborough,Mozambique,4026326922,+1-463-697-2224x3832,jaclynmccann@khan.com,2022-09-13,http://dickson-browning.net/
46,bDdD1970897e58B,Nichole,Wilkinson,Jordan-Michael,Stephenview,Holy See (Vatican City State),470.348.5225,327.684.2108x69277,zbryant@clayton.info,2021-10-21,http://york.info/
47,3FD4254ccd90Fc6,Wanda,Boyer,Hardy LLC,West Nancy,Honduras,001-949-584-3658x541,001-267-473-1616,vanessa63@valentine.com,2022-10-27,http://webster.com/
48,29a4aAc7b701AA1,Emma,Buckley,"Hanna, Lane and Villegas",Richardberg,Bouvet Island (Bouvetoya),217-727-6520x278,(462)398-8972,jodimullen@haley-wells.com,2022-10-21,https://cannon.com/
49,dCbAf8D9F98bE5c,Abigail,Dalton,Rosales and Sons,Deannaton,Saint Kitts and Nevis,389-301-6949x452,001-863-994-6047,amber14@powell.com,2020-03-07,https://shepherd.com/
50,936EaFd45f5A2cf,Rachel,Cooley,Brady Group,Francoborough,Ukraine,001-915-908-6726x6804,231-978-8809x5099,xsandoval@mccarthy.net,2022-04-27,https://stewart.com/
51,eECE97f27dFCD5B,Scott,Barr,Black-Hoffman,New Catherine,Jordan,(721)948-5258x7955,716.414.6065x9278,destiny43@santana.net,2020-09-30,https://www.harding.info/
52,71D7A793CAeeC18,April,Shaw,"Briggs, Patel and French",Tristanborough,Papua New Guinea,689-455-2790x67485,915-825-0622x668,john68@pope.com,2023-08-30,http://www.duke-simon.com/
53,67dFE5b13ed9F27,Glenda,Robles,Barajas-Ayala,Peckstad,Mongolia,001-305-764-7727,001-504-839-9329x9572,boltonmandy@bruce-barr.com,2020-01-26,https://www.morgan.com/
54,5eAA76bAcf9Bd47,Melvin,Martin,"Bruce, Wise and Moody",Coffeyburgh,United States Virgin Islands,+1-277-621-4008x66670,(336)957-3002,cassandra06@bryan-hickman.biz,2023-07-24,https://www.santos.com/
55,E89C03E92e0c9d9,Kylie,Riggs,Simpson Group,New Joe,Nauru,(885)356-1918x870,991-537-6321,wintersmario@wang-clay.biz,2023-05-15,https://walter.com/
56,2C7ED0d17ccbbCc,Gina,Chavez,Griffin Ltd,Mariefurt,Kyrgyz Republic,(950)538-7713x32838,2197402789,psexton@russell-cobb.info,2021-01-08,https://yang.com/
57,EF2b2723Fd2d6c0,Glen,May,Shea-Dominguez,North Jackland,Sudan,001-309-710-9042x44677,812-530-1936,fhahn@ellis.com,2021-11-04,https://www.patton.com/
58,dFfDbAce5d36d1F,Anna,Lane,Sloan Inc,South Franciscoberg,Vietnam,(217)677-3829x835,390.238.4929x58766,terrance99@macdonald-rice.com,2021-05-01,https://watts.com/
59,BF373eca5308812,Chase,Simpson,"Dodson, Howard and Gibson",New Garrett,Puerto Rico,+1-416-237-6439x076,001-272-680-8266x110,jimmy10@barrera.biz,2020-01-24,https://www.ramirez.com/
60,D3bE962dCDdfaFc,Jessica,Garner,"Ramsey, Rosales and Clark",Laurenborough,Guatemala,001-207-390-6969x88167,001-523-883-2913x7189,angielane@frederick.com,2021-08-27,http://carpenter.biz/
61,9adC1E1cF0DE1cd,Anna,Clark,Miller PLC,East Karinaville,Belarus,419-360-7929x8856,558.968.9548x29585,olsenjudith@andersen-ingram.info,2022-08-02,http://www.castro-daugherty.info/
62,028ACf2cCb81FBE,Brianna,Esparza,Chaney and Sons,Saundersstad,Cook Islands,887.576.4530x814,+1-523-269-0573x7099,teresa34@camacho.biz,2021-10-28,http://www.tapia.com/
63,baCcF7AEB019F33,Beth,Russell,Riggs LLC,North Nathanielside,Sao Tome and Principe,870.271.7191x3531,208-864-4291x34372,roger70@gibbs.net,2023-09-08,https://blevins.com/
64,eBFF5a2081a216e,Yesenia,Duran,"Miles, Beck and Atkinson",Larryview,France,924-704-5519x312,+1-398-272-0260x4462,hudsonalicia@crane.com,2021-07-18,http://allison.org/
65,A154f95D8D87d7e,Duane,Osborne,Martin-Huerta,Joyceshire,Sweden,(351)533-1149,+1-976-528-8964x4928,patelcathy@huynh.net,2023-02-11,http://www.mueller-carney.biz/
66,50B5ebBD96C66E6,Jaclyn,Terry,"Herrera, Mercer and Yoder",West Stefanie,Mozambique,9143221271,001-427-920-7612x01712,tom18@mills-ryan.com,2021-04-02,http://www.shepherd.biz/
67,d5b45E15ee7E5a7,Rodney,Bray,Compton LLC,Tuckershire,Puerto Rico,228-437-2183,5906706479,amanda41@rogers.org,2020-12-21,https://parrish.info/
68,bf17cCEEa0b4b21,Cory,Avila,"Chung, Ward and Dickerson",Lake Aimee,Iraq,(374)953-9784,808.396.5554,blevinstom@travis-ruiz.com,2021-09-01,https://www.gomez-swanson.com/
69,3177B19D225472F,Wayne,Richard,Reeves-Mercado,Loweborough,Latvia,(902)832-5379x07873,533-473-8963,perrymartinez@hawkins.com,2020-07-19,http://bernard-gordon.com/
70,f57aC5869A1EDdF,Emma,Oliver,Elliott-Bright,New Bernardchester,Bulgaria,(389)593-4817x611,557-714-0771,omitchell@atkins-parker.biz,2021-05-03,https://mcintyre-rasmussen.com/
71,D5BB8a70E08BcdB,Keith,Love,Chung Inc,West Garrettmouth,Guadeloupe,+1-603-236-7422x1677,(793)256-0593x1124,foleyaustin@greene.com,2021-09-23,https://www.barker-cochran.com/
72,1b50b2f2C9b7d9C,Martha,Simon,"Perkins, Jordan and Irwin",Jordanbury,Saint Helena,230-220-8399x83772,+1-568-948-5443x57773,beth94@mclean-kirk.com,2022-09-05,https://walters.com/
73,bD1a7a14De8C2Eb,Shelby,Golden,"Malone, Gill and Hester",South Donfort,Guinea-Bissau,+1-922-254-9895x2929,+1-708-710-3340,carriekane@hall-fernandez.com,2022-08-07,https://williamson.org/
74,EAd1D6c66F9AFC1,Jody,Shaw,Macdonald and Sons,Paulastad,Sweden,2224361417,355-351-6030,francisco53@daniels.com,2021-06-14,http://www.beasley.com/
75,BfBAB20CEbacB74,Bryce,Benson,Cameron-Duran,Benjaminville,Ethiopia,948-761-2322,478.782.6044,ekirk@olson.com,2021-04-30,https://www.shields-williams.info/
76,94A8E44a7d29E07,Emma,Morgan,Hayden-Fleming,New Daveville,Liechtenstein,+1-827-869-5579x51250,235.832.5538,mallory11@cochran.com,2021-09-25,http://www.hendricks.com/
77,e43eD2Afc635102,Daniel,Beltran,"Hartman, Cummings and Snow",East Bernardchester,Somalia,718.748.5422x677,+1-351-993-8759x8643,efoster@knapp-donaldson.com,2020-10-30,https://schroeder.com/
78,85a82E4Ec197565,Gabriel,Park,Colon and Sons,Stonestad,Northern Mariana Islands,359-905-6193,402-447-4575x52303,mwebster@tapia-stout.com,2022-03-07,https://khan-green.com/
79,D2af6EEA5797ECD,Edwin,Ewing,Lam-Barton,Solisport,Saudi Arabia,218.306.6536x23162,6073611639,dmacdonald@vega.com,2021-05-04,https://oconnor-roth.com/
80,8bD7347fB3B954c,Cheryl,Chavez,Oneal-Madden,Sweeneymouth,Dominica,001-493-610-8692x61033,446.616.9192,kristin61@rivas.com,2020-01-18,https://www.sloan.com/
81,8d655ADf3F6DAAF,Edward,Navarro,Prince Ltd,Port Colleen,Falkland Islands (Malvinas),366-407-5720x43572,+1-731-323-6502,angela07@romero-roberts.info,2021-05-22,http://bryan.biz/
82,4E5e88C13F0FcAc,Kristin,Forbes,Ferrell-Carson,Everettton,United States Minor Outlying Islands,455-262-7186x7282,+1-594-728-1633x98891,winterscheyenne@powers.com,2022-03-02,http://melendez.com/
83,0aD84fcD5eB8239,Tracey,Hurley,Vargas LLC,Andrewfort,Antarctica (the territory South of 60 deg S),+1-885-581-2899x62664,+1-250-534-9800x666,valenciavickie@russell.com,2022-07-03,https://harmon.com/
84,AacB88aF7851f2C,Eugene,Bender,Ballard-Franklin,Lloydtown,Togo,9616813457,372.370.9490x8356,marcus69@hays-rowland.net,2022-11-04,https://www.choi.org/
85,eEc0F0DB64EBbbB,Casey,Little,Douglas Group,Bakerberg,Saint Helena,+1-539-447-1797x77276,+1-527-245-6973x9621,stokesalisha@barrett-becker.net,2020-10-30,https://carson.com/
86,4ceBbaa7Bc0BCFD,Alisha,Cowan,"Monroe, Roman and Mccann",East Nicolaschester,Mauritius,206.885.0090x64532,402-421-5463x355,kwalker@herrera.org,2020-12-24,https://www.rivas.biz/
87,eea97cbCA0b7B86,Jeanette,Kent,"Greene, Shepherd and Contreras",Collinville,Burkina Faso,001-596-695-6165,(397)311-1671x97254,alexandrawhitehead@clayton.com,2020-12-16,https://www.lowery.info/
88,f4BB6011Ee9C8ff,Darrell,Mason,"Price, Mann and Stanton",Ashleefurt,Gambia,901.804.6970x956,479-770-3941x153,charlotterich@le.info,2020-02-19,http://www.russo-mccall.com/
89,406E0064bDC89f8,Jasmin,Mullen,Vega-Burton,Lake Tracey,Taiwan,854-267-8143x983,376.783.1550,marcgoodman@daugherty.com,2023-06-07,https://barton.com/
90,2cb37C103Cd6105,Alec,Wolfe,Esparza Ltd,Lake Tyler,Iraq,832.822.9435x096,627-345-8022x6995,christopher80@mcgrath.com,2023-04-03,https://leonard.org/
91,DA86e5123a54d35,Dan,Stokes,"Bradford, Patterson and Davies",North Mindyport,Australia,830-374-7837x80799,246-550-9194x136,caitlynmoody@andrews.com,2020-10-23,http://watkins.com/
92,EB6C01517EeD4d1,Alison,Roth,Woods-Chan,Pedrostad,Italy,+1-738-731-6602x9265,480-676-9686,farias@whitehead.com,2020-04-01,http://www.cisneros.com/
93,Ebb11DBA6457AAd,Misty,Holden,Salinas Inc,West Hannah,Nauru,001-223-852-1210,930.290.0972,ebowman@garza.com,2023-02-06,https://pena.com/
94,d07FbeB273F21a4,Eduardo,Flynn,"Conner, Humphrey and Pollard",Bobbystad,Ghana,524-857-6415x78297,7977001134,newmanandres@kim.net,2023-03-03,https://baird.net/
95,4A27fEAfafAcf5f,Vincent,Ali,May Group,Kaiserton,Australia,(524)915-9483,001-809-597-4087x7041,darlenemcknight@ellis.com,2022-11-12,https://www.clements.com/
96,514FB0b585658eF,Jamie,Doyle,Mullen-Wright,Sheliafort,Afghanistan,(779)237-6017x75856,296.657.4582,pgiles@combs-garrett.com,2022-07-16,http://www.castaneda-sutton.com/
97,3B3Ad17a8d1a8e4,Joan,Dominguez,Lindsey Ltd,West Bianca,Lebanon,563-809-4359x25133,(343)325-0168,sjensen@logan.com,2022-03-12,https://payne.com/
98,776A477b8d3667b,Mason,Gonzalez,"Jacobson, Perkins and Marquez",Buckleyfort,Congo,336-980-0351,001-906-949-5820,ymiranda@cervantes.com,2023-05-16,http://www.bowers.com/
99,aEF66E8B21a7582,Rhonda,Buck,"Mcclain, Strickland and Oconnor",Batesstad,British Virgin Islands,668.693.3913,(810)431-5150,cody07@shepherd.biz,2021-05-29,http://www.robertson-neal.com/
100,EaF00814FFA5DeA,Clinton,Cowan,Mcdaniel-Quinn,Billside,Belarus,(572)916-8797x342,992.924.0351x1803,maysgloria@edwards.com,2021-09-30,https://webster.net/
